group	winner	proposed	uses	decision
review_status | reviewstatus	review_status	Review_Status	23	
hotel_name | hotel.name	hotel_name	Hotel_Name	43	
event.date | event_date	event_date	Event_Date	26	
asteroid.discovery.date | asteroid.discovery_date	asteroid.discovery_date	Asteroid.Discovery_Date	30	
asteroid.designation | asteroid_designation	asteroid_designation	Asteroid_Designation	47	
company_name | company.name	company_name	Company_Name	75	
product_name | product.name	product_name	Product_Name	132	
project_name | project.name	project_name	Project_Name	18	
region.name | regionName	regionName	Region_Name	9	
areas_for_improvement | areasforimprovement	areas_for_improvement	Areas_For_Improvement	8	
policy_holder | policyholder	policy_holder	Policy_Holder	50	
performance_rating | performancerating	performance_rating	Performance_Rating	20	
discovery.date | discovery_date	discovery_date	Discovery_Date	58	
asteroid.name | asteroid_name	asteroid_name	Asteroid_Name	65	
album_title | album.title	album_title	Album_Title	17	
person.name | person name | person_name	person_name	Person_Name	42	
restaurant.name | restaurant_name	restaurant_name	Restaurant_Name	19	
event.name | event_name	event_name	Event_Name	19	
team.name | team_name	team_name	Team_Name	7	
asteroid_number | asteroid.number	asteroid_number	Asteroid_Number	21	
asteroid_type | asteroid.type	asteroid_type	Asteroid_Type	49	
discovery_observatory | discovery.observatory	discovery_observatory	Discovery_Observatory	25	
discovery_location | discovery.location	discovery_location	Discovery_Location	8	
event_type | eventtype	event_type	Event_Type	21	
stockstatus | stock_status	stock_status	Stock_Status	8	
review_date | review.date	review_date	Review_Date	62	
policy_type | policytype	policy_type	Policy_Type	26	
death_location | death.location	death_location	Death_Location	6	
registration.benefits | registration_benefits	registration_benefits	Registration_Benefits	5	
physical_characteristics.observations.0.telescope_type | physical_characteristics.observations.0.telescope.type	physical_characteristics.observations.0.telescope_type	Physical_Characteristics.Observations.0.Telescope_Type	19	
vehicle model | vehicle_model | vehicle.model	vehicle_model	Vehicle_Model	12	
product.description | product_description	product_description	Product_Description	29	
transfertype | transfer_type	transfer_type	Transfer_Type	10	
product_model | product.model	product_model	Product_Model	15	
product.type | product_type	product_type	Product_Type	21	
enrollmentstatus | enrollment_status	enrollment_status	Enrollment_Status	6	
current_status | currentstatus	current_status	Current_Status	15	
movie.title | movie_title	movie_title	Movie_Title	12	
actor.name | actor_name	actor_name	Actor_Name	6	
article.title | articleTitle | article_title	article_title	Article_Title	19	
address_street | address.street	address_street	Address_Street	8	
address_city | address.city	address_city	Address_City	7	
studyTitle | study.title	studyTitle	Study_Title	7	
source.name | source_name	source_name	Source_Name	11	
user_name | username	user_name	User_Name	25	
asteroid.discovery_year | asteroid.discovery.year	asteroid.discovery_year	Asteroid.Discovery_Year	16	
CC | cc	CC	CC	8	
vehicle_make | vehicle.make	vehicle_make	Vehicle_Make	13	
treatment_type | treatment.type	treatment_type	Treatment_Type	9	
contact_phone | contact.phone	contact_phone	Contact_Phone	11	
population.year | populationYear	populationYear	Population_Year	6	
observations.observation_period_years | observations.observation_period.years	observations.observation_period_years	Observations.Observation_Period_Years	8	
orbital_characteristics.orbital_period_years | orbital_characteristics.orbital_period.years	orbital_characteristics.orbital_period_years	Orbital_Characteristics.Orbital_Period_Years	5	
physical_characteristics.observations.0.telescope.location | physical_characteristics.observations.0.telescope_location	physical_characteristics.observations.0.telescope_location	Physical_Characteristics.Observations.0.Telescope_Location	6	
document_date | document.date	document_date	Document_Date	6	
place.name | place_name	place_name	Place_Name	8	
contact_email | contact.email	contact_email	Contact_Email	8	
vehicle.year | vehicle_year	vehicle_year	Vehicle_Year	8	
description_length | description.length	description_length	Description_Length	7	
disease_name | disease.name	disease_name	Disease_Name	7	
firm_name | firm.name	firm_name	Firm_Name	10	
